engine,samples,successes,failures,mean_wer,mean_cer,median_wer,median_cer,std_wer,std_cer,rank
pytesseract,9,9,0,0.181838,0.09441,0.128035,0.029617,0.119836,0.10479,1
easyocr,9,9,0,0.299233,0.105863,0.305252,0.076655,0.063898,0.076667,2
docling,9,9,0,0.417059,0.206549,0.307412,0.056446,0.257181,0.2154,3
trocr,9,9,0,1.0,0.995365,1.0,0.99455,0.0,0.003117,4
