engine,samples,successes,failures,mean_wer,mean_cer,median_wer,median_cer,std_wer,std_cer,rank
pytesseract,11,11,0,0.592022,0.469756,0.191358,0.122917,0.707247,0.603326,1
docling,11,11,0,0.901219,0.534155,0.873905,0.219409,0.237768,0.495315,2
